category,name,url,use,quality
Repository,ETF AI Cockpit current repository,https://github.com/Thor2709/etf_ai_cockpit,"Primary source for current code, plan and canonical issue ledger.",Primary / High
Official data,SEC EDGAR APIs and nightly bulk archives,https://www.sec.gov/search-filings/edgar-application-programming-interfaces,"Official US submissions and XBRL facts; bulk-first, fair-access ingestion.",Primary / High
Official data,SEC Form N-PORT data sets,https://www.sec.gov/data-research/sec-markets-data/form-n-port-data-sets,Quarterly public US registered-fund portfolio data sets.,Primary / High
Official data,Companies House free company data product,https://download.companieshouse.gov.uk/en_output.html,"Free monthly UK company snapshot for entity, status and SIC context.",Primary / High
Official data,Companies House free accounts data product,https://download.companieshouse.gov.uk/en_accountsdata.html,Free daily/monthly UK iXBRL accounts files.,Primary / High
Official data,Eurostat API data access,https://ec.europa.eu/eurostat/web/user-guides/data-browser/api-data-access/api-introduction,Free official EU statistics; application must snapshot vintages because the API exposes current data.,Primary / High
Official data,World Bank Indicators API,https://datahelpdesk.worldbank.org/knowledgebase/articles/889392-about-the-indicators-api-documentation,No-key global macro and development indicators.,Primary / High
Official data,ISO 10383 Market Identifier Codes,https://www.iso20022.org/market-identifier-codes,Official downloadable MIC/exchange identity list.,Primary / High
Official data,ECB euro foreign-exchange reference rates,https://www.ecb.europa.eu/stats/policy_and_exchange_rates/euro_reference_exchange_rates/html/index.en.html,"Official daily reference FX; suitable for valuation context, not transaction execution prices.",Primary / High
Research data,Kenneth French Data Library,https://mba.tuck.dartmouth.edu/pages/faculty/ken.french/data_library.html,Downloadable factor and portfolio reference returns with archives and methodology.,Primary research data / High
Research data,AQR public data sets,https://www.aqr.com/Insights/Datasets,Public research factor data sets; use requires methodology and terms review.,Research data / Moderate
Institutional comparator,BlackRock Aladdin,https://www.blackrock.com/aladdin,"Closed-source comparator for common data, whole-portfolio risk, lifecycle integration and operational controls.",Vendor description / Indirect
Institutional comparator,Morningstar Direct,https://www.morningstar.com/products/direct,"Closed-source comparator for centralised investment data, research, portfolio analytics and reporting.",Vendor description / Indirect
Institutional comparator,SimCorp One,https://www.simcorp.com/solutions/simcorp-one,"Closed-source comparator for front-to-back source-of-truth, positions, cash, risk, compliance and audit.",Vendor description / Indirect
Institutional comparator,MSCI BarraOne,https://www.msci.com/our-solutions/risk-and-portfolio-management/barraone,"Closed-source comparator for multi-factor, multi-asset risk, stress and attribution.",Vendor description / Indirect
Open source,OpenBB,https://github.com/OpenBB-finance/OpenBB,Provider/data integration architecture; AGPL review and service boundary required.,Primary software source / High
Open source,Microsoft Qlib,https://github.com/microsoft/qlib,"MIT quantitative research workflow, data/model/backtest architecture and rolling research patterns.",Primary software source / High
Open source,QuantConnect LEAN,https://github.com/QuantConnect/Lean,Apache-2 event-driven backtest/live engine candidate; best isolated as a service if selected.,Primary software source / High
Open source,NautilusTrader,https://github.com/nautechsystems/nautilus_trader,LGPL event-driven research/live parity engine candidate with Python control plane.,Primary software source / High
Open source,Riskfolio-Lib,https://github.com/dcajasn/Riskfolio-Lib,"Permissively licensed portfolio optimisation, risk parity, hierarchical and tail-risk methods.",Primary software source / High
Open source,skfolio,https://github.com/skfolio/skfolio,"scikit-learn-style portfolio optimisation, validation and model selection patterns.",Primary software source / High
Open source,PyPortfolioOpt,https://github.com/PyPortfolio/PyPortfolioOpt,"MIT expected-return, covariance, Black–Litterman, HRP and discrete-allocation implementation.",Primary software source / High
Open source,Darts,https://github.com/unit8co/darts,"Apache-2 common forecasting, historical forecasts, probabilistic and conformal methods.",Primary software source / High
Open source,MLflow,https://github.com/mlflow/mlflow,"Apache-2 local experiment tracking, model evaluation and registry.",Primary software source / High
Open source,Optuna,https://github.com/optuna/optuna,"MIT bounded hyperparameter optimisation, pruning, parallel studies and dashboard.",Primary software source / High
Open source,Ghostfolio,https://github.com/ghostfolio/ghostfolio,"AGPL portfolio accounting/import, self-hosting and responsive wealth-management UX patterns.",Primary software source / High
Open source,Portfolio Performance,https://github.com/portfolio-performance/portfolio,"EPL desktop accounting, transaction import, performance and trade-calendar patterns.",Primary software source / High
Forecast research,TimesFM: A decoder-only foundation model for time-series forecasting,https://arxiv.org/abs/2310.10688,General zero-shot forecasting evidence; indirect evidence for equity-return prediction.,"Primary paper / Moderate, indirect"
Forecast software,TimesFM repository,https://github.com/google-research/timesfm,"Current open implementation, model interfaces, weights and licence facts.",Primary software source / High
Forecast research,Toto: Time Series Optimized Transformer for Observability,https://arxiv.org/abs/2505.14766,General and observability time-series foundation-model evidence; indirect to finance.,"Primary paper / Moderate, indirect"
Forecast software,Toto repository,https://github.com/DataDog/toto,"Current open implementation, model and licence facts.",Primary software source / High
Research governance,"Harvey, Liu and Zhu — …and the Cross-Section of Expected Returns",https://doi.org/10.1093/rfs/hhv059,Multiple-testing hurdle and factor-zoo caution.,Peer-reviewed empirical / Moderate–High
Research governance,Chen — Most claimed statistical findings in cross-sectional return prediction are likely true,https://arxiv.org/abs/2206.15365,Credible contradictory reanalysis arguing lower false-discovery rates; prevents one-sided factor-zoo conclusions.,Working paper / Moderate
Research governance,Bailey et al. — The Probability of Backtest Overfitting,https://papers.ssrn.com/sol3/papers.cfm?abstract_id=2326253,CSCV/PBO framework for strategy-selection overfitting.,Methodological paper / Moderate–High
Research governance,Bailey and López de Prado — The Deflated Sharpe Ratio,https://papers.ssrn.com/sol3/papers.cfm?abstract_id=2460551,"Adjustment for non-normality, selection bias and multiple trials.",Methodological paper / Moderate–High
Risk research,"Ledoit and Wolf — Honey, I Shrunk the Sample Covariance Matrix",https://doi.org/10.3905/jpm.2004.110,Shrinkage covariance estimation for unstable high-dimensional portfolios.,Peer-reviewed method / High
Portfolio research,"DeMiguel, Garlappi and Uppal — Optimal Versus Naive Diversification",https://doi.org/10.1093/rfs/hhm075,Shows estimation error can make 1/N difficult to beat; mandates naive baselines.,Peer-reviewed empirical / High
Portfolio research,Rockafellar and Uryasev — Optimization of Conditional Value-at-Risk,https://doi.org/10.21314/JOR.2000.038,Convex expected-shortfall/CVaR portfolio optimisation.,Peer-reviewed method / High
Factor research,Fama and French — A five-factor asset pricing model,https://doi.org/10.1016/j.jfineco.2014.10.010,"Market, size, value, profitability and investment factor framework.",Peer-reviewed empirical / High
Factor research,Novy-Marx — The other side of value: gross profitability premium,https://doi.org/10.1016/j.jfineco.2013.01.003,Profitability evidence and factor construction.,Peer-reviewed empirical / High
Factor research,"Hou, Xue and Zhang — Digesting anomalies: an investment approach",https://doi.org/10.1093/rfs/hhu068,q-factor investment/profitability framework and anomaly comparison.,Peer-reviewed empirical / High
Factor research,"Asness, Frazzini and Pedersen — Quality Minus Junk",https://doi.org/10.1093/rfs/hhy063,Transparent quality-factor construction and international evidence.,Peer-reviewed empirical / Moderate–High
Factor research,Frazzini and Pedersen — Betting Against Beta,https://doi.org/10.1016/j.jfineco.2013.10.005,Low-beta/leverage-constraint factor evidence.,Peer-reviewed empirical / Moderate–High
Publication bias,McLean and Pontiff — Does Academic Research Destroy Stock Return Predictability?,https://doi.org/10.1111/jofi.12365,Out-of-sample and post-publication anomaly decay; publication/data-mining caution.,Peer-reviewed empirical / High
